	disagree_ratio	disagree_ratio	disagree_ratio	disagree_ratio	disagree_ratio	disagree_ratio	disagree_ratio	disagree_ratio	disagree_ratio	disagree_ratio
prompt_template	Date	Date	Date Today	Date Today	Emph Src CNN/Nat	Emph Src CNN/Nat	Emph Src Wiki/WP	Emph Src Wiki/WP	Rank	Rank
stance	no	yes	no	yes	no	yes	no	yes	no	yes
model										
Llama-2-13b					0.6410256410256411	0.6324786324786325	0.6324786324786325	0.6267806267806267		
Llama-2-7b	0.5859154929577465	0.5830985915492958	0.6197183098591549	0.6281690140845071	0.7008547008547008	0.7150997150997151	0.6809116809116809	0.6723646723646723	0.6140845070422535	0.5943661971830986
Llama-3-8B	0.7887323943661971	0.8	0.7352112676056338	0.7718309859154929			0.7977207977207977	0.8091168091168092	0.7690140845070422	0.8028169014084507
tulu-7b	0.7295774647887324	0.7352112676056338	0.7436619718309859	0.7323943661971831		0.7350427350427351	0.7236467236467237	0.7207977207977208	0.7070422535211267	0.7267605633802817
