	preference	preference	preference	preference	preference	preference	preference	preference	preference	preference
prompt_template	Date	Date	Date Today	Date Today	Emph Src CNN/Nat	Emph Src CNN/Nat	Emph Src Wiki/WP	Emph Src Wiki/WP	Rank	Rank
stance	no	yes	no	yes	no	yes	no	yes	no	yes
model										
Llama-2-13b					0.21428571428571427	0.21705426356589147	0.20930232558139536	0.1984732824427481		
Llama-2-7b	0.4217687074829932	0.43243243243243246	0.45185185185185184	0.5	0.37142857142857144	0.39	0.44642857142857145	0.46956521739130436	0.4306569343065693	0.4652777777777778
Llama-3-8B	0.25333333333333335	0.19718309859154928	0.2553191489361702	0.345679012345679			0.18309859154929578	0.1791044776119403	0.21951219512195122	0.2857142857142857
tulu-7b	0.4270833333333333	0.44680851063829785	0.4725274725274725	0.45263157894736844		0.5161290322580645	0.4742268041237113	0.42857142857142855	0.4326923076923077	0.4639175257731959
